13A,motor neuron,weight,query,post_id,n,id.x,names.x,id.y,X,id,valid,classification_system,pt_supervoxel_id,pt_root_id,pt_position
13A-R-10a,extracoxal_trochanter_depressor_in_thorax_Vn,8,648518346488772686,648518346486265480,1,648518346521464057,R13A11b,648518346488772686,111,414,t,V5_T1R,73890000093079139,648518346501264984,[54883 84397  2319]
13A-R-6a,extracoxal_trochanter_depressor_in_thorax_Vn,16,648518346496511829,648518346486265480,1,648518346509900838,R13A_ε_y,648518346496511829,111,414,t,V5_T1R,73890000093079139,648518346501264984,[54883 84397  2319]
13A-R-7a,extracoxal_trochanter_depressor_in_thorax_Vn,14,648518346475595904,648518346486265480,1,648518346485984904,R13A9d,648518346475595904,111,414,t,V5_T1R,73890000093079139,648518346501264984,[54883 84397  2319]
13A-R-7c,extracoxal_trochanter_depressor_in_thorax_Vn,15,648518346481935037,648518346486265480,1,648518346489031913,R13A9c,648518346481935037,111,414,t,V5_T1R,73890000093079139,648518346501264984,[54883 84397  2319]
13A-R-α-10f,extracoxal_trochanter_depressor_in_thorax_Vn,6,648518346493805304,648518346486265480,1,648518346493805304,R13A-α,648518346493805304,111,414,t,V5_T1R,73890000093079139,648518346501264984,[54883 84397  2319]
13A-R-10b,extracoxal_trochanter_depressor_in_thorax_Vn,4,648518346486451113,648518346486265480,1,648518346518664927,13A-uk3,648518346486451113,111,414,t,V5_T1R,73890000093079139,648518346501264984,[54883 84397  2319]
13A-R-6b,extracoxal_trochanter_depressor_in_thorax_Vn,4,648518346507405599,648518346486265480,1,648518346485868484,R13A7b,648518346507405599,111,414,t,V5_T1R,73890000093079139,648518346501264984,[54883 84397  2319]
13A-R-10b,extracoxal_trochanter_depressor_in_thorax_Vn,17,648518346486451113,648518346493285660,1,648518346518664927,13A-uk3,648518346486451113,112,415,t,V3_T1R,73819768452722670,648518346476492918,[53218 89773  1773]
13A-R-10a,extracoxal_trochanter_depressor_in_thorax_Vn,84,648518346488772686,648518346493285660,1,648518346521464057,R13A11b,648518346488772686,112,415,t,V3_T1R,73819768452722670,648518346476492918,[53218 89773  1773]
13A-R-α-10f,extracoxal_trochanter_depressor_in_thorax_Vn,20,648518346493805304,648518346493285660,1,648518346493805304,R13A-α,648518346493805304,112,415,t,V3_T1R,73819768452722670,648518346476492918,[53218 89773  1773]
13A-R-7a,extracoxal_trochanter_depressor_in_thorax_Vn,40,648518346475595904,648518346493285660,1,648518346485984904,R13A9d,648518346475595904,112,415,t,V3_T1R,73819768452722670,648518346476492918,[53218 89773  1773]
13A-R-6a,extracoxal_trochanter_depressor_in_thorax_Vn,81,648518346496511829,648518346493285660,1,648518346509900838,R13A_ε_y,648518346496511829,112,415,t,V3_T1R,73819768452722670,648518346476492918,[53218 89773  1773]
13A-R-8e,extracoxal_trochanter_depressor_in_thorax_Vn,7,648518346486416008,648518346493285660,1,648518346495607915,R13A8b,648518346486416008,112,415,t,V3_T1R,73819768452722670,648518346476492918,[53218 89773  1773]
13A-R-1c,extracoxal_trochanter_depressor_in_thorax_Vn,4,648518346493289500,648518346493285660,1,648518346496363349,R13A2b,648518346493289500,112,415,t,V3_T1R,73819768452722670,648518346476492918,[53218 89773  1773]
13A-R-7b,extracoxal_trochanter_depressor_in_thorax_Vn,5,648518346492108683,648518346493285660,1,648518346500412376,R13A9b,648518346492108683,112,415,t,V3_T1R,73819768452722670,648518346476492918,[53218 89773  1773]
13A-R-8b,extracoxal_trochanter_depressor_in_thorax_Vn,20,648518346497197720,648518346493285660,1,648518346475292513,R13A8e_7c,648518346497197720,112,415,t,V3_T1R,73819768452722670,648518346476492918,[53218 89773  1773]
13A-R-3a,extracoxal_trochanter_depressor_in_thorax_Vn,4,648518346496910338,648518346493285660,1,648518346482787237,R13A5a,648518346496910338,112,415,t,V3_T1R,73819768452722670,648518346476492918,[53218 89773  1773]
13A-R-1d,extracoxal_trochanter_depressor_in_thorax_Vn,12,648518346504903795,648518346493285660,1,648518346490552829,R13A2d,648518346504903795,112,415,t,V3_T1R,73819768452722670,648518346476492918,[53218 89773  1773]
13A-R-8c,extracoxal_trochanter_depressor_in_thorax_Vn,49,648518346495525199,648518346493285660,1,648518346477725079,R13A8c,648518346495525199,112,415,t,V3_T1R,73819768452722670,648518346476492918,[53218 89773  1773]
13A-R-9h,extracoxal_trochanter_depressor_in_thorax_Vn,8,648518346501542232,648518346493285660,1,648518346501251427,R13A10e,648518346501542232,112,415,t,V3_T1R,73819768452722670,648518346476492918,[53218 89773  1773]
13A-R-1e,extracoxal_trochanter_depressor_in_thorax_Vn,5,648518346477815703,648518346493285660,1,648518346491510244,R13A1a_12f,648518346477815703,112,415,t,V3_T1R,73819768452722670,648518346476492918,[53218 89773  1773]
13A-R-9g,extracoxal_trochanter_depressor_in_thorax_Vn,8,648518346467397383,648518346493285660,1,648518346495770187,R13A10c,648518346467397383,112,415,t,V3_T1R,73819768452722670,648518346476492918,[53218 89773  1773]
13A-R-9i,extracoxal_trochanter_depressor_in_thorax_Vn,11,648518346524266501,648518346493285660,1,648518346489624671,R13A10g,648518346524266501,112,415,t,V3_T1R,73819768452722670,648518346476492918,[53218 89773  1773]
13A-R-9d,extracoxal_trochanter_depressor_in_thorax_Vn,10,648518346491635142,648518346493285660,1,648518346514069982,R13A_γ_6,648518346491635142,112,415,t,V3_T1R,73819768452722670,648518346476492918,[53218 89773  1773]
13A-R-7c,extracoxal_trochanter_depressor_in_thorax_Vn,30,648518346481935037,648518346493285660,1,648518346489031913,R13A9c,648518346481935037,112,415,t,V3_T1R,73819768452722670,648518346476492918,[53218 89773  1773]
13A-R-6e,extracoxal_trochanter_depressor_in_thorax_Vn,12,648518346517211173,648518346493285660,1,648518346517211173,R13A7e,648518346517211173,112,415,t,V3_T1R,73819768452722670,648518346476492918,[53218 89773  1773]
13A-R-8d,extracoxal_trochanter_depressor_in_thorax_Vn,17,648518346477160720,648518346493285660,1,648518346493704952,R13A8a,648518346477160720,112,415,t,V3_T1R,73819768452722670,648518346476492918,[53218 89773  1773]
13A-R-8a,extracoxal_trochanter_depressor_in_thorax_Vn,5,648518346507214367,648518346493285660,1,648518346507214367,R13A8d_7a,648518346507214367,112,415,t,V3_T1R,73819768452722670,648518346476492918,[53218 89773  1773]
13A-R-1b,extracoxal_trochanter_depressor_in_thorax_Vn,4,648518346491127843,648518346493285660,1,648518346477855957,R13A2c,648518346491127843,112,415,t,V3_T1R,73819768452722670,648518346476492918,[53218 89773  1773]
13A-R-6b,extracoxal_trochanter_depressor_in_thorax_Vn,6,648518346507405599,648518346493285660,1,648518346485868484,R13A7b,648518346507405599,112,415,t,V3_T1R,73819768452722670,648518346476492918,[53218 89773  1773]
13A-R-9d,extracoxal_trochanter_depressor_in_thorax_Vn,4,648518346491635142,648518346486265480,1,648518346514069982,R13A_γ_6,648518346491635142,111,414,t,V5_T1R,73890000093079139,648518346501264984,[54883 84397  2319]
13A-R-6c,sternal_anterior_rotator_in_thorax_miller_31,11,648518346486350178,648518346495499883,1,648518346495521698,R13A7d,648518346486350178,114,417,t,V4_T1R,73749262537938160,648518346495499883,[50618 85421  2234]
13A-R-4d,sternal_anterior_rotator_in_thorax_miller_31,10,648518346483835541,648518346495499883,1,648518346488669937,R13A4c,648518346483835541,114,417,t,V4_T1R,73749262537938160,648518346495499883,[50618 85421  2234]
13A-R-4b,sternal_anterior_rotator_in_thorax_miller_31,18,648518346481472143,648518346495499883,1,648518346482798822,R13A4f,648518346481472143,114,417,t,V4_T1R,73749262537938160,648518346495499883,[50618 85421  2234]
13A-R-5f,sternal_anterior_rotator_in_thorax_miller_31,4,648518346486720303,648518346495499883,1,648518346493892750,R13A6a,648518346486720303,114,417,t,V4_T1R,73749262537938160,648518346495499883,[50618 85421  2234]
13A-R-4e,sternal_anterior_rotator_in_thorax_miller_31,14,648518346531536666,648518346495499883,1,648518346499750867,R13A4e,648518346531536666,114,417,t,V4_T1R,73749262537938160,648518346495499883,[50618 85421  2234]
13A-R-9a,sternal_anterior_rotator_in_thorax_miller_31,8,648518346521654521,648518346495499883,1,648518346496575356,R13A10i_12b,648518346521654521,114,417,t,V4_T1R,73749262537938160,648518346495499883,[50618 85421  2234]
13A-R-9d,sternal_anterior_rotator_in_thorax_miller_31,16,648518346491635142,648518346495499883,1,648518346514069982,R13A_γ_6,648518346491635142,114,417,t,V4_T1R,73749262537938160,648518346495499883,[50618 85421  2234]
13A-R-6d,sternal_anterior_rotator_in_thorax_miller_31,9,648518346472000923,648518346495499883,1,648518346479398848,R13A7h_12a,648518346472000923,114,417,t,V4_T1R,73749262537938160,648518346495499883,[50618 85421  2234]
13A-R-9a,sternal_anterior_rotator_in_thorax_miller_31,8,648518346521654521,648518346495499883,1,648518346496575356,R13A10b,648518346521654521,114,417,t,V4_T1R,73749262537938160,648518346495499883,[50618 85421  2234]
13A-R-4a,sternal_anterior_rotator_in_thorax_miller_31,15,648518346491737150,648518346495499883,1,648518346502339667,R13A4b,648518346491737150,114,417,t,V4_T1R,73749262537938160,648518346495499883,[50618 85421  2234]
13A-R-4d,sternal_anterior_rotator_in_thorax_miller_31,18,648518346483835541,648518346507171144,1,648518346488669937,R13A4c,648518346483835541,126,416,t,V4_T1R,73819631080756230,648518346507171144,[51491 84167  1836]
13A-R-6d,sternal_anterior_rotator_in_thorax_miller_31,6,648518346472000923,648518346507171144,1,648518346479398848,R13A7h_12a,648518346472000923,126,416,t,V4_T1R,73819631080756230,648518346507171144,[51491 84167  1836]
13A-R-10c,sternal_anterior_rotator_in_thorax_miller_31,5,648518346492130066,648518346507171144,1,648518346487562452,13A-uk5,648518346492130066,126,416,t,V4_T1R,73819631080756230,648518346507171144,[51491 84167  1836]
13A-R-4a,sternal_anterior_rotator_in_thorax_miller_31,7,648518346491737150,648518346507171144,1,648518346502339667,R13A4b,648518346491737150,126,416,t,V4_T1R,73819631080756230,648518346507171144,[51491 84167  1836]
13A-R-9d,sternal_anterior_rotator_in_thorax_miller_31,35,648518346491635142,648518346507171144,1,648518346514069982,R13A_γ_6,648518346491635142,126,416,t,V4_T1R,73819631080756230,648518346507171144,[51491 84167  1836]
13A-R-3g,sternal_anterior_rotator_in_thorax_miller_31,5,648518346496143050,648518346507171144,1,648518346481342821,R13A_3a_X,648518346496143050,126,416,t,V4_T1R,73819631080756230,648518346507171144,[51491 84167  1836]
13A-R-4b,sternal_anterior_rotator_in_thorax_miller_31,18,648518346481472143,648518346507171144,1,648518346482798822,R13A4f,648518346481472143,126,416,t,V4_T1R,73819631080756230,648518346507171144,[51491 84167  1836]
13A-R-4e,sternal_anterior_rotator_in_thorax_miller_31,14,648518346531536666,648518346507171144,1,648518346499750867,R13A4e,648518346531536666,126,416,t,V4_T1R,73819631080756230,648518346507171144,[51491 84167  1836]
13A-R-α-10f,sternal_anterior_rotator_in_thorax_miller_31,11,648518346493805304,648518346507171144,1,648518346493805304,R13A-α,648518346493805304,126,416,t,V4_T1R,73819631080756230,648518346507171144,[51491 84167  1836]
13A-R-6f,sternal_anterior_rotator_in_thorax_miller_31,5,648518346484181533,648518346507171144,1,648518346500872348,R13A7g,648518346484181533,126,416,t,V4_T1R,73819631080756230,648518346507171144,[51491 84167  1836]
13A-R-5e,tergopleural_promotor_pleural_promotor_in_thorax_miller_28_30,15,648518346488798392,648518346480932061,1,648518346475882978,R13A6c,648518346488798392,60,360,t,D1_T1R,73749331324539394,648518346491452870,[49611 86600  2367]
13A-R-8b,tergopleural_promotor_pleural_promotor_in_thorax_miller_28_30,9,648518346497197720,648518346480932061,1,648518346475292513,R13A8e_7c,648518346497197720,60,360,t,D1_T1R,73749331324539394,648518346491452870,[49611 86600  2367]
13A-R-6c,tergopleural_promotor_pleural_promotor_in_thorax_miller_28_30,12,648518346486350178,648518346480932061,1,648518346495521698,R13A7d,648518346486350178,60,360,t,D1_T1R,73749331324539394,648518346491452870,[49611 86600  2367]
13A-R-5g,tergopleural_promotor_pleural_promotor_in_thorax_miller_28_30,5,648518346496790140,648518346480932061,1,648518346487565803,R13A6e,648518346496790140,60,360,t,D1_T1R,73749331324539394,648518346491452870,[49611 86600  2367]
13A-R-9c,tergopleural_promotor_pleural_promotor_in_thorax_miller_28_30,11,648518346481463909,648518346480932061,1,648518346477520398,R13A12d,648518346481463909,60,360,t,D1_T1R,73749331324539394,648518346491452870,[49611 86600  2367]
13A-R-10c,tergopleural_promotor_pleural_promotor_in_thorax_miller_28_30,4,648518346492130066,648518346480932061,1,648518346487562452,13A-uk5,648518346492130066,60,360,t,D1_T1R,73749331324539394,648518346491452870,[49611 86600  2367]
13A-R-9a,tergopleural_promotor_pleural_promotor_in_thorax_miller_28_30,4,648518346521654521,648518346480932061,1,648518346496575356,R13A10i_12b,648518346521654521,60,360,t,D1_T1R,73749331324539394,648518346491452870,[49611 86600  2367]
13A-R-5f,tergopleural_promotor_pleural_promotor_in_thorax_miller_28_30,7,648518346486720303,648518346480932061,1,648518346493892750,R13A6a,648518346486720303,60,360,t,D1_T1R,73749331324539394,648518346491452870,[49611 86600  2367]
13A-R-5h,tergopleural_promotor_pleural_promotor_in_thorax_miller_28_30,14,648518346490233883,648518346480932061,1,648518346482803753,13A-uk4,648518346490233883,60,360,t,D1_T1R,73749331324539394,648518346491452870,[49611 86600  2367]
13A-R-10d,tergopleural_promotor_pleural_promotor_in_thorax_miller_28_30,6,648518346487938004,648518346480932061,1,648518346496642050,R13A11a,648518346487938004,60,360,t,D1_T1R,73749331324539394,648518346491452870,[49611 86600  2367]
13A-R-5h,tergopleural_promotor_pleural_promotor_in_thorax_miller_28_30,14,648518346490233883,648518346480932061,1,648518346486100676,13A-uk1,648518346490233883,60,360,t,D1_T1R,73749331324539394,648518346491452870,[49611 86600  2367]
13A-R-6e,tergopleural_promotor_pleural_promotor_in_thorax_miller_28_30,4,648518346517211173,648518346480932061,1,648518346517211173,R13A7e,648518346517211173,60,360,t,D1_T1R,73749331324539394,648518346491452870,[49611 86600  2367]
13A-R-6f,tergopleural_promotor_pleural_promotor_in_thorax_miller_28_30,11,648518346484181533,648518346480932061,1,648518346500872348,R13A7g,648518346484181533,60,360,t,D1_T1R,73749331324539394,648518346491452870,[49611 86600  2367]
13A-R-9c,tergopleural_promotor_pleural_promotor_in_thorax_miller_28_30,11,648518346481463909,648518346480932061,1,648518346477520398,R13A10j_12g,648518346481463909,60,360,t,D1_T1R,73749331324539394,648518346491452870,[49611 86600  2367]
13A-R-9a,tergopleural_promotor_pleural_promotor_in_thorax_miller_28_30,4,648518346521654521,648518346480932061,1,648518346496575356,R13A10b,648518346521654521,60,360,t,D1_T1R,73749331324539394,648518346491452870,[49611 86600  2367]
13A-R-6b,tergopleural_promotor_pleural_promotor_in_thorax_miller_28_30,4,648518346507405599,648518346480932061,1,648518346485868484,R13A7b,648518346507405599,60,360,t,D1_T1R,73749331324539394,648518346491452870,[49611 86600  2367]
13A-R-6d,tergopleural_promotor_pleural_promotor_in_thorax_miller_28_30,5,648518346472000923,648518346480932061,1,648518346479398848,R13A7h_12a,648518346472000923,60,360,t,D1_T1R,73749331324539394,648518346491452870,[49611 86600  2367]
13A-R-5h,tergopleural_promotor_pleural_promotor_in_thorax_miller_28_30,24,648518346490233883,648518346486571929,1,648518346482803753,13A-uk4,648518346490233883,62,362,t,D2_T1R,73960506008175526,648518346486571929,[56980 88953  1882]
13A-R-6b,tergopleural_promotor_pleural_promotor_in_thorax_miller_28_30,20,648518346507405599,648518346486571929,1,648518346485868484,R13A7b,648518346507405599,62,362,t,D2_T1R,73960506008175526,648518346486571929,[56980 88953  1882]
13A-R-4a,tergopleural_promotor_pleural_promotor_in_thorax_miller_28_30,15,648518346491737150,648518346486571929,1,648518346502339667,R13A4b,648518346491737150,62,362,t,D2_T1R,73960506008175526,648518346486571929,[56980 88953  1882]
13A-R-5g,tergopleural_promotor_pleural_promotor_in_thorax_miller_28_30,36,648518346496790140,648518346486571929,1,648518346487565803,R13A6e,648518346496790140,62,362,t,D2_T1R,73960506008175526,648518346486571929,[56980 88953  1882]
13A-R-6d,tergopleural_promotor_pleural_promotor_in_thorax_miller_28_30,17,648518346472000923,648518346486571929,1,648518346479398848,R13A7h_12a,648518346472000923,62,362,t,D2_T1R,73960506008175526,648518346486571929,[56980 88953  1882]
13A-R-6f,tergopleural_promotor_pleural_promotor_in_thorax_miller_28_30,7,648518346484181533,648518346486571929,1,648518346500872348,R13A7g,648518346484181533,62,362,t,D2_T1R,73960506008175526,648518346486571929,[56980 88953  1882]
13A-R-9f,tergopleural_promotor_pleural_promotor_in_thorax_miller_28_30,18,648518346486686340,648518346486571929,1,648518346480868573,R13A11i_10d,648518346486686340,62,362,t,D2_T1R,73960506008175526,648518346486571929,[56980 88953  1882]
13A-R-9c,tergopleural_promotor_pleural_promotor_in_thorax_miller_28_30,12,648518346481463909,648518346486571929,1,648518346477520398,R13A10j_12g,648518346481463909,62,362,t,D2_T1R,73960506008175526,648518346486571929,[56980 88953  1882]
13A-R-6c,tergopleural_promotor_pleural_promotor_in_thorax_miller_28_30,30,648518346486350178,648518346486571929,1,648518346495521698,R13A7d,648518346486350178,62,362,t,D2_T1R,73960506008175526,648518346486571929,[56980 88953  1882]
13A-R-9c,tergopleural_promotor_pleural_promotor_in_thorax_miller_28_30,12,648518346481463909,648518346486571929,1,648518346477520398,R13A12d,648518346481463909,62,362,t,D2_T1R,73960506008175526,648518346486571929,[56980 88953  1882]
13A-R-5h,tergopleural_promotor_pleural_promotor_in_thorax_miller_28_30,24,648518346490233883,648518346486571929,1,648518346486100676,13A-uk1,648518346490233883,62,362,t,D2_T1R,73960506008175526,648518346486571929,[56980 88953  1882]
13A-R-9b,tergopleural_promotor_pleural_promotor_in_thorax_miller_28_30,7,648518346511967856,648518346486571929,1,648518346487640386,R13A10f,648518346511967856,62,362,t,D2_T1R,73960506008175526,648518346486571929,[56980 88953  1882]
13A-R-5f,tergopleural_promotor_pleural_promotor_in_thorax_miller_28_30,26,648518346486720303,648518346486571929,1,648518346493892750,R13A6a,648518346486720303,62,362,t,D2_T1R,73960506008175526,648518346486571929,[56980 88953  1882]
13A-R-5e,tergopleural_promotor_pleural_promotor_in_thorax_miller_28_30,15,648518346488798392,648518346486571929,1,648518346475882978,R13A6c,648518346488798392,62,362,t,D2_T1R,73960506008175526,648518346486571929,[56980 88953  1882]
13A-R-8b,tergopleural_promotor_pleural_promotor_in_thorax_miller_28_30,5,648518346497197720,648518346486571929,1,648518346475292513,R13A8e_7c,648518346497197720,62,362,t,D2_T1R,73960506008175526,648518346486571929,[56980 88953  1882]
13A-R-5h,tergopleural_promotor_pleural_promotor_in_thorax_miller_28_30,9,648518346490233883,648518346493967627,1,648518346486100676,13A-uk1,648518346490233883,61,361,t,D1_T1R,73608524982582780,648518346493967627,[46817 85529  2115]
13A-R-9b,tergopleural_promotor_pleural_promotor_in_thorax_miller_28_30,5,648518346511967856,648518346493967627,1,648518346487640386,R13A10f,648518346511967856,61,361,t,D1_T1R,73608524982582780,648518346493967627,[46817 85529  2115]
13A-R-5e,tergopleural_promotor_pleural_promotor_in_thorax_miller_28_30,8,648518346488798392,648518346493967627,1,648518346475882978,R13A6c,648518346488798392,61,361,t,D1_T1R,73608524982582780,648518346493967627,[46817 85529  2115]
13A-R-5d,tergopleural_promotor_pleural_promotor_in_thorax_miller_28_30,8,648518346503212667,648518346493967627,1,648518346479366363,R13A6b,648518346503212667,61,361,t,D1_T1R,73608524982582780,648518346493967627,[46817 85529  2115]
13A-R-9c,tergopleural_promotor_pleural_promotor_in_thorax_miller_28_30,12,648518346481463909,648518346493967627,1,648518346477520398,R13A10j_12g,648518346481463909,61,361,t,D1_T1R,73608524982582780,648518346493967627,[46817 85529  2115]
13A-R-9c,tergopleural_promotor_pleural_promotor_in_thorax_miller_28_30,12,648518346481463909,648518346493967627,1,648518346477520398,R13A12d,648518346481463909,61,361,t,D1_T1R,73608524982582780,648518346493967627,[46817 85529  2115]
13A-R-5c,tergopleural_promotor_pleural_promotor_in_thorax_miller_28_30,8,648518346515388743,648518346493967627,1,648518346496985496,R13A6f,648518346515388743,61,361,t,D1_T1R,73608524982582780,648518346493967627,[46817 85529  2115]
13A-R-9i,tergopleural_promotor_pleural_promotor_in_thorax_miller_28_30,7,648518346524266501,648518346493967627,1,648518346489624671,R13A10g,648518346524266501,61,361,t,D1_T1R,73608524982582780,648518346493967627,[46817 85529  2115]
13A-R-δ-10e,tergopleural_promotor_pleural_promotor_in_thorax_miller_28_30,8,648518346490237905,648518346493967627,1,648518346489562711,R13A_δ_xp,648518346490237905,61,361,t,D1_T1R,73608524982582780,648518346493967627,[46817 85529  2115]
13A-R-5h,tergopleural_promotor_pleural_promotor_in_thorax_miller_28_30,9,648518346490233883,648518346493967627,1,648518346482803753,13A-uk4,648518346490233883,61,361,t,D1_T1R,73608524982582780,648518346493967627,[46817 85529  2115]
13A-R-9h,tergopleural_promotor_pleural_promotor_in_thorax_miller_28_30,4,648518346501542232,648518346514660039,1,648518346501251427,R13A10e,648518346501542232,63,363,t,D2_T1R,73960506075264717,648518346503917664,[57123 89956  2003]
13A-R-5e,tergopleural_promotor_pleural_promotor_in_thorax_miller_28_30,16,648518346488798392,648518346514660039,1,648518346475882978,R13A6c,648518346488798392,63,363,t,D2_T1R,73960506075264717,648518346503917664,[57123 89956  2003]
13A-R-5d,tergopleural_promotor_pleural_promotor_in_thorax_miller_28_30,6,648518346503212667,648518346514660039,1,648518346479366363,R13A6b,648518346503212667,63,363,t,D2_T1R,73960506075264717,648518346503917664,[57123 89956  2003]
13A-R-10c,tergopleural_promotor_pleural_promotor_in_thorax_miller_28_30,6,648518346492130066,648518346514660039,1,648518346487562452,13A-uk5,648518346492130066,63,363,t,D2_T1R,73960506075264717,648518346503917664,[57123 89956  2003]
13A-R-5g,tergopleural_promotor_pleural_promotor_in_thorax_miller_28_30,22,648518346496790140,648518346514660039,1,648518346487565803,R13A6e,648518346496790140,63,363,t,D2_T1R,73960506075264717,648518346503917664,[57123 89956  2003]
13A-R-9a,tergopleural_promotor_pleural_promotor_in_thorax_miller_28_30,4,648518346521654521,648518346514660039,1,648518346496575356,R13A10b,648518346521654521,63,363,t,D2_T1R,73960506075264717,648518346503917664,[57123 89956  2003]
13A-R-6c,tergopleural_promotor_pleural_promotor_in_thorax_miller_28_30,51,648518346486350178,648518346514660039,1,648518346495521698,R13A7d,648518346486350178,63,363,t,D2_T1R,73960506075264717,648518346503917664,[57123 89956  2003]
13A-R-8a,tergopleural_promotor_pleural_promotor_in_thorax_miller_28_30,4,648518346507214367,648518346514660039,1,648518346507214367,R13A8d_7a,648518346507214367,63,363,t,D2_T1R,73960506075264717,648518346503917664,[57123 89956  2003]
13A-R-9c,tergopleural_promotor_pleural_promotor_in_thorax_miller_28_30,18,648518346481463909,648518346514660039,1,648518346477520398,R13A10j_12g,648518346481463909,63,363,t,D2_T1R,73960506075264717,648518346503917664,[57123 89956  2003]
13A-R-6d,tergopleural_promotor_pleural_promotor_in_thorax_miller_28_30,60,648518346472000923,648518346514660039,1,648518346479398848,R13A7h_12a,648518346472000923,63,363,t,D2_T1R,73960506075264717,648518346503917664,[57123 89956  2003]
13A-R-δ-10e,tergopleural_promotor_pleural_promotor_in_thorax_miller_28_30,4,648518346490237905,648518346514660039,1,648518346489562711,R13A_δ_xp,648518346490237905,63,363,t,D2_T1R,73960506075264717,648518346503917664,[57123 89956  2003]
13A-R-10d,tergopleural_promotor_pleural_promotor_in_thorax_miller_28_30,4,648518346487938004,648518346514660039,1,648518346496642050,R13A11a,648518346487938004,63,363,t,D2_T1R,73960506075264717,648518346503917664,[57123 89956  2003]
13A-R-6b,tergopleural_promotor_pleural_promotor_in_thorax_miller_28_30,22,648518346507405599,648518346514660039,1,648518346485868484,R13A7b,648518346507405599,63,363,t,D2_T1R,73960506075264717,648518346503917664,[57123 89956  2003]
13A-R-8b,tergopleural_promotor_pleural_promotor_in_thorax_miller_28_30,6,648518346497197720,648518346514660039,1,648518346475292513,R13A8e_7c,648518346497197720,63,363,t,D2_T1R,73960506075264717,648518346503917664,[57123 89956  2003]
13A-R-9b,tergopleural_promotor_pleural_promotor_in_thorax_miller_28_30,8,648518346511967856,648518346514660039,1,648518346487640386,R13A10f,648518346511967856,63,363,t,D2_T1R,73960506075264717,648518346503917664,[57123 89956  2003]
13A-R-6f,tergopleural_promotor_pleural_promotor_in_thorax_miller_28_30,19,648518346484181533,648518346514660039,1,648518346500872348,R13A7g,648518346484181533,63,363,t,D2_T1R,73960506075264717,648518346503917664,[57123 89956  2003]
13A-R-5h,tergopleural_promotor_pleural_promotor_in_thorax_miller_28_30,16,648518346490233883,648518346514660039,1,648518346482803753,13A-uk4,648518346490233883,63,363,t,D2_T1R,73960506075264717,648518346503917664,[57123 89956  2003]
13A-R-9f,tergopleural_promotor_pleural_promotor_in_thorax_miller_28_30,18,648518346486686340,648518346514660039,1,648518346480868573,R13A11i_10d,648518346486686340,63,363,t,D2_T1R,73960506075264717,648518346503917664,[57123 89956  2003]
13A-R-5f,tergopleural_promotor_pleural_promotor_in_thorax_miller_28_30,4,648518346486720303,648518346514660039,1,648518346493892750,R13A6a,648518346486720303,63,363,t,D2_T1R,73960506075264717,648518346503917664,[57123 89956  2003]
13A-R-9a,tergopleural_promotor_pleural_promotor_in_thorax_miller_28_30,4,648518346521654521,648518346514660039,1,648518346496575356,R13A10i_12b,648518346521654521,63,363,t,D2_T1R,73960506075264717,648518346503917664,[57123 89956  2003]
13A-R-5h,tergopleural_promotor_pleural_promotor_in_thorax_miller_28_30,16,648518346490233883,648518346514660039,1,648518346486100676,13A-uk1,648518346490233883,63,363,t,D2_T1R,73960506075264717,648518346503917664,[57123 89956  2003]
13A-R-9c,tergopleural_promotor_pleural_promotor_in_thorax_miller_28_30,18,648518346481463909,648518346514660039,1,648518346477520398,R13A12d,648518346481463909,63,363,t,D2_T1R,73960506075264717,648518346503917664,[57123 89956  2003]
13A-R-4a,tergopleural_promotor_pleural_promotor_in_thorax_miller_28_30,4,648518346491737150,648518346514660039,1,648518346502339667,R13A4b,648518346491737150,63,363,t,D2_T1R,73960506075264717,648518346503917664,[57123 89956  2003]
13A-R-10b,tergopleural_promotor_pleural_promotor_in_thorax_miller_28_30,4,648518346486451113,648518346480932061,1,648518346518664927,13A-uk3,648518346486451113,60,360,t,D1_T1R,73749331324539394,648518346491452870,[49611 86600  2367]
13A-R-7c,tergotrochanter_in_thorax_3,4,648518346481935037,648518346499981379,1,648518346489031913,R13A9c,648518346481935037,120,413,t,V3_T1R,73749262538016575,648518346507165256,[49727 85190  2264]
13A-R-10b,tergotrochanter_in_thorax_3,6,648518346486451113,648518346499981379,1,648518346518664927,13A-uk3,648518346486451113,120,413,t,V3_T1R,73749262538016575,648518346507165256,[49727 85190  2264]
13A-R-10a,tergotrochanter_in_thorax_3,61,648518346488772686,648518346499981379,1,648518346521464057,R13A11b,648518346488772686,120,413,t,V3_T1R,73749262538016575,648518346507165256,[49727 85190  2264]
13A-R-6a,tergotrochanter_in_thorax_3,21,648518346496511829,648518346499981379,1,648518346509900838,R13A_ε_y,648518346496511829,120,413,t,V3_T1R,73749262538016575,648518346507165256,[49727 85190  2264]
13A-R-9d,tergotrochanter_in_thorax_3,47,648518346491635142,648518346499981379,1,648518346514069982,R13A_γ_6,648518346491635142,120,413,t,V3_T1R,73749262538016575,648518346507165256,[49727 85190  2264]
13A-R-8d,tergotrochanter_in_thorax_3,12,648518346477160720,648518346499981379,1,648518346493704952,R13A8a,648518346477160720,120,413,t,V3_T1R,73749262538016575,648518346507165256,[49727 85190  2264]
13A-R-8c,tergotrochanter_in_thorax_3,26,648518346495525199,648518346499981379,1,648518346477725079,R13A8c,648518346495525199,120,413,t,V3_T1R,73749262538016575,648518346507165256,[49727 85190  2264]
13A-R-α-10f,tergotrochanter_in_thorax_3,30,648518346493805304,648518346499981379,1,648518346493805304,R13A-α,648518346493805304,120,413,t,V3_T1R,73749262538016575,648518346507165256,[49727 85190  2264]
13A-R-7a,tergotrochanter_in_thorax_3,7,648518346475595904,648518346499981379,1,648518346485984904,R13A9d,648518346475595904,120,413,t,V3_T1R,73749262538016575,648518346507165256,[49727 85190  2264]
13A-R-6e,tergotrochanter_in_thorax_2,6,648518346517211173,648518346513954073,1,648518346517211173,R13A7e,648518346517211173,125,412,t,V2_T1R,73749468427814896,648518346513954073,[51167 90285  1680]
13A-R-6a,tergotrochanter_in_thorax_2,85,648518346496511829,648518346513954073,1,648518346509900838,R13A_ε_y,648518346496511829,125,412,t,V2_T1R,73749468427814896,648518346513954073,[51167 90285  1680]
13A-R-7c,tergotrochanter_in_thorax_2,7,648518346481935037,648518346513954073,1,648518346489031913,R13A9c,648518346481935037,125,412,t,V2_T1R,73749468427814896,648518346513954073,[51167 90285  1680]
13A-R-8b,tergotrochanter_in_thorax_2,8,648518346497197720,648518346513954073,1,648518346475292513,R13A8e_7c,648518346497197720,125,412,t,V2_T1R,73749468427814896,648518346513954073,[51167 90285  1680]
13A-R-9d,tergotrochanter_in_thorax_2,45,648518346491635142,648518346513954073,1,648518346514069982,R13A_γ_6,648518346491635142,125,412,t,V2_T1R,73749468427814896,648518346513954073,[51167 90285  1680]
13A-R-7a,tergotrochanter_in_thorax_2,14,648518346475595904,648518346513954073,1,648518346485984904,R13A9d,648518346475595904,125,412,t,V2_T1R,73749468427814896,648518346513954073,[51167 90285  1680]
13A-R-8e,tergotrochanter_in_thorax_2,26,648518346486416008,648518346513954073,1,648518346495607915,R13A8b,648518346486416008,125,412,t,V2_T1R,73749468427814896,648518346513954073,[51167 90285  1680]
13A-R-10a,tergotrochanter_in_thorax_2,47,648518346488772686,648518346513954073,1,648518346521464057,R13A11b,648518346488772686,125,412,t,V2_T1R,73749468427814896,648518346513954073,[51167 90285  1680]
13A-R-8d,tergotrochanter_in_thorax_2,38,648518346477160720,648518346513954073,1,648518346493704952,R13A8a,648518346477160720,125,412,t,V2_T1R,73749468427814896,648518346513954073,[51167 90285  1680]
13A-R-8a,tergotrochanter_in_thorax_2,14,648518346507214367,648518346513954073,1,648518346507214367,R13A8d_7a,648518346507214367,125,412,t,V2_T1R,73749468427814896,648518346513954073,[51167 90285  1680]
13A-R-8c,tergotrochanter_in_thorax_2,41,648518346495525199,648518346513954073,1,648518346477725079,R13A8c,648518346495525199,125,412,t,V2_T1R,73749468427814896,648518346513954073,[51167 90285  1680]
13A-R-α-10f,tergotrochanter_in_thorax_2,41,648518346493805304,648518346513954073,1,648518346493805304,R13A-α,648518346493805304,125,412,t,V2_T1R,73749468427814896,648518346513954073,[51167 90285  1680]
13A-R-4c,tergotrochanter_in_thorax_2,4,648518346475742644,648518346513954073,1,648518346490142216,R13A4d,648518346475742644,125,412,t,V2_T1R,73749468427814896,648518346513954073,[51167 90285  1680]
13A-R-8d,tergotrochanter_in_thorax_1,15,648518346477160720,648518346484873885,1,648518346493704952,R13A8a,648518346477160720,121,411,t,V2_T1R,73960506075251475,648518346502888691,[57339 88452  1999]
13A-R-8e,tergotrochanter_in_thorax_1,6,648518346486416008,648518346484873885,1,648518346495607915,R13A8b,648518346486416008,121,411,t,V2_T1R,73960506075251475,648518346502888691,[57339 88452  1999]
13A-R-9d,tergotrochanter_in_thorax_1,69,648518346491635142,648518346484873885,1,648518346514069982,R13A_γ_6,648518346491635142,121,411,t,V2_T1R,73960506075251475,648518346502888691,[57339 88452  1999]
13A-R-α-10f,tergotrochanter_in_thorax_1,53,648518346493805304,648518346484873885,1,648518346493805304,R13A-α,648518346493805304,121,411,t,V2_T1R,73960506075251475,648518346502888691,[57339 88452  1999]
13A-R-6a,tergotrochanter_in_thorax_1,22,648518346496511829,648518346484873885,1,648518346509900838,R13A_ε_y,648518346496511829,121,411,t,V2_T1R,73960506075251475,648518346502888691,[57339 88452  1999]
13A-R-7a,tergotrochanter_in_thorax_1,4,648518346475595904,648518346484873885,1,648518346485984904,R13A9d,648518346475595904,121,411,t,V2_T1R,73960506075251475,648518346502888691,[57339 88452  1999]
13A-R-4c,tergotrochanter_in_thorax_1,4,648518346475742644,648518346484873885,1,648518346490142216,R13A4d,648518346475742644,121,411,t,V2_T1R,73960506075251475,648518346502888691,[57339 88452  1999]
13A-R-8c,tergotrochanter_in_thorax_1,28,648518346495525199,648518346484873885,1,648518346477725079,R13A8c,648518346495525199,121,411,t,V2_T1R,73960506075251475,648518346502888691,[57339 88452  1999]
13A-R-8a,tergotrochanter_in_thorax_1,5,648518346507214367,648518346484873885,1,648518346507214367,R13A8d_7a,648518346507214367,121,411,t,V2_T1R,73960506075251475,648518346502888691,[57339 88452  1999]
13A-R-4b,tergotrochanter_in_thorax_1,4,648518346481472143,648518346484873885,1,648518346482798822,R13A4f,648518346481472143,121,411,t,V2_T1R,73960506075251475,648518346502888691,[57339 88452  1999]
13A-R-10a,tergotrochanter_in_thorax_1,58,648518346488772686,648518346484873885,1,648518346521464057,R13A11b,648518346488772686,121,411,t,V2_T1R,73960506075251475,648518346502888691,[57339 88452  1999]
13A-R-4c,tergotrochanter_in_thorax_0,4,648518346475742644,648518346494871218,1,648518346490142216,R13A4d,648518346475742644,122,410,t,V3_T1R,73889999757696699,648518346494871218,[54174 85748  1791]
13A-R-6a,tergotrochanter_in_thorax_0,44,648518346496511829,648518346494871218,1,648518346509900838,R13A_ε_y,648518346496511829,122,410,t,V3_T1R,73889999757696699,648518346494871218,[54174 85748  1791]
13A-R-α-10f,tergotrochanter_in_thorax_0,46,648518346493805304,648518346494871218,1,648518346493805304,R13A-α,648518346493805304,122,410,t,V3_T1R,73889999757696699,648518346494871218,[54174 85748  1791]
13A-R-7a,tergotrochanter_in_thorax_0,5,648518346475595904,648518346494871218,1,648518346485984904,R13A9d,648518346475595904,122,410,t,V3_T1R,73889999757696699,648518346494871218,[54174 85748  1791]
13A-R-8c,tergotrochanter_in_thorax_0,39,648518346495525199,648518346494871218,1,648518346477725079,R13A8c,648518346495525199,122,410,t,V3_T1R,73889999757696699,648518346494871218,[54174 85748  1791]
13A-R-8e,tergotrochanter_in_thorax_0,8,648518346486416008,648518346494871218,1,648518346495607915,R13A8b,648518346486416008,122,410,t,V3_T1R,73889999757696699,648518346494871218,[54174 85748  1791]
13A-R-8d,tergotrochanter_in_thorax_0,22,648518346477160720,648518346494871218,1,648518346493704952,R13A8a,648518346477160720,122,410,t,V3_T1R,73889999757696699,648518346494871218,[54174 85748  1791]
13A-R-10a,tergotrochanter_in_thorax_0,27,648518346488772686,648518346494871218,1,648518346521464057,R13A11b,648518346488772686,122,410,t,V3_T1R,73889999757696699,648518346494871218,[54174 85748  1791]
13A-R-9d,tergotrochanter_in_thorax_0,41,648518346491635142,648518346494871218,1,648518346514069982,R13A_γ_6,648518346491635142,122,410,t,V3_T1R,73889999757696699,648518346494871218,[54174 85748  1791]
13A-R-9d,sternal_posterior_rotator_in_thorax_miller_32,19,648518346491635142,648518346483405732,1,648518346514069982,R13A_γ_6,648518346491635142,28,351,t,A1_T1R,74242874740635376,648518346480802781,[ 64871 116643   2615]
13A-R-9e,sternal_posterior_rotator_in_thorax_miller_32,10,648518346502495059,648518346484698013,1,648518346485791614,R13A11h_10a,648518346502495059,50,350,t,A1_T1R,74102136983590282,648518346484698013,[ 59659 115855   2065]
13A-R-9e,pleural_remotor_and_abductor_in_thorax_miller_29,4,648518346502495059,648518346489600015,1,648518346485791614,R13A11h_10a,648518346502495059,53,353,t,A4_T1R,73960437422964960,648518346489600015,[55720 87565  2151]
13A-R-β-10g,pleural_remotor_and_abductor_in_thorax_miller_29,6,648518346499550555,648518346489600015,1,648518346486482097,R13A_β_5,648518346499550555,53,353,t,A4_T1R,73960437422964960,648518346489600015,[55720 87565  2151]
13A-R-6a,pleural_remotor_and_abductor_in_thorax_miller_29,7,648518346496511829,648518346493922958,1,648518346509900838,R13A_ε_y,648518346496511829,52,352,t,A4_T1R,73819700001644126,648518346493922958,[52291 87723  2256]
13A-R-9f,pleural_remotor_and_abductor_in_thorax_miller_29,4,648518346486686340,648518346493922958,1,648518346480868573,R13A11i_10d,648518346486686340,52,352,t,A4_T1R,73819700001644126,648518346493922958,[52291 87723  2256]
13A-R-5e,pleural_remotor_and_abductor_in_thorax_miller_29,8,648518346488798392,648518346493922958,1,648518346475882978,R13A6c,648518346488798392,52,352,t,A4_T1R,73819700001644126,648518346493922958,[52291 87723  2256]
13A-R-9e,pleural_remotor_and_abductor_in_thorax_miller_29,14,648518346502495059,648518346493922958,1,648518346485791614,R13A11h_10a,648518346502495059,52,352,t,A4_T1R,73819700001644126,648518346493922958,[52291 87723  2256]
13A-R-10d,pleural_remotor_and_abductor_in_thorax_miller_29,9,648518346487938004,648518346493922958,1,648518346496642050,R13A11a,648518346487938004,52,352,t,A4_T1R,73819700001644126,648518346493922958,[52291 87723  2256]
13A-R-β-10g,pleural_remotor_and_abductor_in_thorax_miller_29,4,648518346499550555,648518346493922958,1,648518346486482097,R13A_β_5,648518346499550555,52,352,t,A4_T1R,73819700001644126,648518346493922958,[52291 87723  2256]
13A-R-3g,trochanter_promotor_in_coxa,10,648518346496143050,648518346490347530,1,648518346481342821,R13A_3a_X,648518346496143050,98,401,t,L3_T1R,73819631349233966,648518346490347530,[53178 84262  2372]
13A-R-3g,trochanter_promotor_in_coxa,16,648518346496143050,648518346512131374,1,648518346481342821,R13A_3a_X,648518346496143050,99,402,t,L3_T1R,73749400178299722,648518346512131374,[49394 89755  2660]
13A-R-10b,trochanter_extensor_in_coxa_Lg,4,648518346486451113,648518346486394504,1,648518346518664927,13A-uk3,648518346486451113,103,406,t,L5_T1R,74101930624079446,648518346489611133,[ 60830 108620   1721]
13A-R-7a,trochanter_extensor_in_coxa_Lg,8,648518346475595904,648518346486394504,1,648518346485984904,R13A9d,648518346475595904,103,406,t,L5_T1R,74101930624079446,648518346489611133,[ 60830 108620   1721]
13A-R-3b,trochanter_extensor_in_coxa_Lg,16,648518346507220040,648518346493661944,1,648518346478623828,R13A5c,648518346507220040,102,405,t,L4_T1R,73819700135819297,648518346493661944,[52767 86951  2487]
13A-R-9i,trochanter_extensor_in_coxa_Lg,29,648518346524266501,648518346493661944,1,648518346489624671,R13A10g,648518346524266501,102,405,t,L4_T1R,73819700135819297,648518346493661944,[52767 86951  2487]
13A-R-6a,trochanter_extensor_in_coxa_Lg,48,648518346496511829,648518346493661944,1,648518346509900838,R13A_ε_y,648518346496511829,102,405,t,L4_T1R,73819700135819297,648518346493661944,[52767 86951  2487]
13A-R-10b,trochanter_extensor_in_coxa_Lg,17,648518346486451113,648518346493661944,1,648518346518664927,13A-uk3,648518346486451113,102,405,t,L4_T1R,73819700135819297,648518346493661944,[52767 86951  2487]
13A-R-3j,trochanter_extensor_in_coxa_Lg,7,648518346481824415,648518346493661944,1,648518346509725754,R13A5b,648518346481824415,102,405,t,L4_T1R,73819700135819297,648518346493661944,[52767 86951  2487]
13A-R-8b,trochanter_extensor_in_coxa_Lg,8,648518346497197720,648518346493661944,1,648518346475292513,R13A8e_7c,648518346497197720,102,405,t,L4_T1R,73819700135819297,648518346493661944,[52767 86951  2487]
13A-R-1e,trochanter_extensor_in_coxa_Lg,9,648518346477815703,648518346493661944,1,648518346491510244,R13A1a_12f,648518346477815703,102,405,t,L4_T1R,73819700135819297,648518346493661944,[52767 86951  2487]
13A-R-1c,trochanter_extensor_in_coxa_Lg,11,648518346493289500,648518346493661944,1,648518346496363349,R13A2b,648518346493289500,102,405,t,L4_T1R,73819700135819297,648518346493661944,[52767 86951  2487]
13A-R-9g,trochanter_extensor_in_coxa_Lg,12,648518346467397383,648518346493661944,1,648518346495770187,R13A10c,648518346467397383,102,405,t,L4_T1R,73819700135819297,648518346493661944,[52767 86951  2487]
13A-R-9h,trochanter_extensor_in_coxa_Lg,14,648518346501542232,648518346493661944,1,648518346501251427,R13A10e,648518346501542232,102,405,t,L4_T1R,73819700135819297,648518346493661944,[52767 86951  2487]
13A-R-1f,trochanter_extensor_in_coxa_Lg,6,648518346511460661,648518346493661944,1,648518346477678350,13A-uk6,648518346511460661,102,405,t,L4_T1R,73819700135819297,648518346493661944,[52767 86951  2487]
13A-R-7a,trochanter_extensor_in_coxa_Lg,32,648518346475595904,648518346493661944,1,648518346485984904,R13A9d,648518346475595904,102,405,t,L4_T1R,73819700135819297,648518346493661944,[52767 86951  2487]
13A-R-8d,trochanter_extensor_in_coxa_Lg,6,648518346477160720,648518346493661944,1,648518346493704952,R13A8a,648518346477160720,102,405,t,L4_T1R,73819700135819297,648518346493661944,[52767 86951  2487]
13A-R-9b,trochanter_extensor_in_coxa_Lg,14,648518346511967856,648518346493661944,1,648518346487640386,R13A10f,648518346511967856,102,405,t,L4_T1R,73819700135819297,648518346493661944,[52767 86951  2487]
13A-R-1d,trochanter_extensor_in_coxa_Lg,24,648518346504903795,648518346493661944,1,648518346490552829,R13A2d,648518346504903795,102,405,t,L4_T1R,73819700135819297,648518346493661944,[52767 86951  2487]
13A-R-8e,trochanter_extensor_in_coxa_Lg,4,648518346486416008,648518346493661944,1,648518346495607915,R13A8b,648518346486416008,102,405,t,L4_T1R,73819700135819297,648518346493661944,[52767 86951  2487]
13A-R-7c,trochanter_extensor_in_coxa_Lg,10,648518346481935037,648518346493661944,1,648518346489031913,R13A9c,648518346481935037,102,405,t,L4_T1R,73819700135819297,648518346493661944,[52767 86951  2487]
13A-R-α-10f,trochanter_extensor_in_coxa_Lg,5,648518346493805304,648518346493661944,1,648518346493805304,R13A-α,648518346493805304,102,405,t,L4_T1R,73819700135819297,648518346493661944,[52767 86951  2487]
13A-R-8c,trochanter_extensor_in_coxa_Lg,17,648518346495525199,648518346493661944,1,648518346477725079,R13A8c,648518346495525199,102,405,t,L4_T1R,73819700135819297,648518346493661944,[52767 86951  2487]
13A-R-10a,trochanter_extensor_in_coxa_Lg,40,648518346488772686,648518346493661944,1,648518346521464057,R13A11b,648518346488772686,102,405,t,L4_T1R,73819700135819297,648518346493661944,[52767 86951  2487]
13A-R-3i,trochanter_extensor_in_coxa_Lg,9,648518346502499667,648518346493661944,1,648518346492512953,R13A3h_12e,648518346502499667,102,405,t,L4_T1R,73819700135819297,648518346493661944,[52767 86951  2487]
13A-R-3a,trochanter_extensor_in_coxa_Lg,16,648518346496910338,648518346493661944,1,648518346482787237,R13A5a,648518346496910338,102,405,t,L4_T1R,73819700135819297,648518346493661944,[52767 86951  2487]
13A-R-1a,trochanter_extensor_in_coxa_Lg,4,648518346489892300,648518346493661944,1,648518346479171473,R13A2a,648518346489892300,102,405,t,L4_T1R,73819700135819297,648518346493661944,[52767 86951  2487]
13A-R-1b,trochanter_extensor_in_coxa_Lg,12,648518346491127843,648518346493661944,1,648518346477855957,R13A2c,648518346491127843,102,405,t,L4_T1R,73819700135819297,648518346493661944,[52767 86951  2487]
13A-R-2a,trochanter_extensor_in_coxa_Lg,4,648518346489943859,648518346493661944,1,648518346489775959,R13A13a_11f,648518346489943859,102,405,t,L4_T1R,73819700135819297,648518346493661944,[52767 86951  2487]
13A-R-δ-10e,trochanter_extensor_in_coxa_Lg,18,648518346490237905,648518346493661944,1,648518346489562711,R13A_δ_xp,648518346490237905,102,405,t,L4_T1R,73819700135819297,648518346493661944,[52767 86951  2487]
13A-R-6b,trochanter_extensor_in_coxa_Lg,5,648518346507405599,648518346493661944,1,648518346485868484,R13A7b,648518346507405599,102,405,t,L4_T1R,73819700135819297,648518346493661944,[52767 86951  2487]
13A-R-3h,trochanter_extensor_in_coxa_Lg,5,648518346480697857,648518346493661944,1,648518346496041162,13A-uk2,648518346480697857,102,405,t,L4_T1R,73819700135819297,648518346493661944,[52767 86951  2487]
13A-R-3g,trochanter_flexor_in_coxa_Vn,17,648518346496143050,648518346494836658,1,648518346481342821,R13A_3a_X,648518346496143050,105,408,t,V1_T1R,73889999959270933,648518346494836658,[54616 85905  2127]
13A-R-3g,trochanter_flexor_in_coxa_Vn,15,648518346496143050,648518346502068297,1,648518346481342821,R13A_3a_X,648518346496143050,106,409,t,V1_T1R,73890206251737467,648518346471677083,[54536 90225  2333]
13A-R-3g,trochanter_flexor_in_coxa_Vn,48,648518346496143050,648518346503919200,1,648518346481342821,R13A_3a_X,648518346496143050,104,407,t,V1_T1R,73960506276574569,648518346503919200,[55830 89982  2400]
13A-R-9f,trochanter_flexor_in_coxa_Vn,5,648518346486686340,648518346503919200,1,648518346480868573,R13A11i_10d,648518346486686340,104,407,t,V1_T1R,73960506276574569,648518346503919200,[55830 89982  2400]
13A-R-10c,trochanter_flexor_in_coxa_Vn,6,648518346492130066,648518346503919200,1,648518346487562452,13A-uk5,648518346492130066,104,407,t,V1_T1R,73960506276574569,648518346503919200,[55830 89982  2400]
13A-R-3g,trochanter_flexor_in_coxa_AcPst,36,648518346496143050,648518346520515638,1,648518346481342821,R13A_3a_X,648518346496143050,55,355,t,A2_T1R,74172506063635619,648518346520515638,[ 62839 114736   2779]
13A-R-9e,trochanter_flexor_in_coxa_Ac,7,648518346502495059,648518346477553166,1,648518346485791614,R13A11h_10a,648518346502495059,59,359,t,A3_T1R,73749400111040523,648518346477553166,[50277 89558  2464]
13A-R-10c,trochanter_flexor_in_coxa_Ac,4,648518346492130066,648518346477553166,1,648518346487562452,13A-uk5,648518346492130066,59,359,t,A3_T1R,73749400111040523,648518346477553166,[50277 89558  2464]
13A-R-3g,trochanter_flexor_in_coxa_Ac,99,648518346496143050,648518346477553166,1,648518346481342821,R13A_3a_X,648518346496143050,59,359,t,A3_T1R,73749400111040523,648518346477553166,[50277 89558  2464]
13A-R-3g,trochanter_flexor_in_coxa_Ac,17,648518346496143050,648518346490913569,1,648518346481342821,R13A_3a_X,648518346496143050,57,357,t,A3_T1R,73889931172615514,648518346490913569,[53952 83831  2023]
13A-R-3g,trochanter_flexor_in_coxa_Ac,26,648518346496143050,648518346499527237,1,648518346481342821,R13A_3a_X,648518346496143050,58,358,t,A3_T1R,73960437355884126,648518346499527237,[55403 87512  2040]
13A-R-6b,femur_reductor_in_trochanter,7,648518346507405599,648518346488884209,1,648518346485868484,R13A7b,648518346507405599,91,394,t,L2_T1R,73608525183925532,648518346486618829,[46927 85388  2543]
13A-R-5c,femur_reductor_in_trochanter,6,648518346515388743,648518346488884209,1,648518346496985496,R13A6f,648518346515388743,91,394,t,L2_T1R,73608525183925532,648518346486618829,[46927 85388  2543]
13A-R-5d,femur_reductor_in_trochanter,4,648518346503212667,648518346488884209,1,648518346479366363,R13A6b,648518346503212667,91,394,t,L2_T1R,73608525183925532,648518346486618829,[46927 85388  2543]
13A-R-5b,femur_reductor_in_trochanter,16,648518346492510147,648518346488884209,1,648518346496702332,R13A6d,648518346492510147,91,394,t,L2_T1R,73608525183925532,648518346486618829,[46927 85388  2543]
13A-R-5a,femur_reductor_in_trochanter,15,648518346486371464,648518346488884209,1,648518346486371464,R13A4a,648518346486371464,91,394,t,L2_T1R,73608525183925532,648518346486618829,[46927 85388  2543]
13A-R-9b,femur_reductor_in_trochanter,5,648518346511967856,648518346488884209,1,648518346487640386,R13A10f,648518346511967856,91,394,t,L2_T1R,73608525183925532,648518346486618829,[46927 85388  2543]
13A-R-5c,femur_reductor_in_trochanter,11,648518346515388743,648518346489813708,1,648518346496985496,R13A6f,648518346515388743,92,395,t,L2_T1R,73960506142445890,648518346499935750,[55843 88497  2179]
13A-R-5a,femur_reductor_in_trochanter,4,648518346486371464,648518346489813708,1,648518346486371464,R13A4a,648518346486371464,92,395,t,L2_T1R,73960506142445890,648518346499935750,[55843 88497  2179]
13A-R-6d,femur_reductor_in_trochanter,12,648518346472000923,648518346489813708,1,648518346479398848,R13A7h_12a,648518346472000923,92,395,t,L2_T1R,73960506142445890,648518346499935750,[55843 88497  2179]
13A-R-6b,femur_reductor_in_trochanter,10,648518346507405599,648518346489813708,1,648518346485868484,R13A7b,648518346507405599,92,395,t,L2_T1R,73960506142445890,648518346499935750,[55843 88497  2179]
13A-R-δ-10e,femur_reductor_in_trochanter,6,648518346490237905,648518346489813708,1,648518346489562711,R13A_δ_xp,648518346490237905,92,395,t,L2_T1R,73960506142445890,648518346499935750,[55843 88497  2179]
13A-R-9c,femur_reductor_in_trochanter,14,648518346481463909,648518346489813708,1,648518346477520398,R13A10j_12g,648518346481463909,92,395,t,L2_T1R,73960506142445890,648518346499935750,[55843 88497  2179]
13A-R-9c,femur_reductor_in_trochanter,14,648518346481463909,648518346489813708,1,648518346477520398,R13A12d,648518346481463909,92,395,t,L2_T1R,73960506142445890,648518346499935750,[55843 88497  2179]
13A-R-6f,femur_reductor_in_trochanter,7,648518346484181533,648518346489813708,1,648518346500872348,R13A7g,648518346484181533,92,395,t,L2_T1R,73960506142445890,648518346499935750,[55843 88497  2179]
13A-R-9e,femur_reductor_in_trochanter,4,648518346502495059,648518346489813708,1,648518346485791614,R13A11h_10a,648518346502495059,92,395,t,L2_T1R,73960506142445890,648518346499935750,[55843 88497  2179]
13A-R-9b,femur_reductor_in_trochanter,10,648518346511967856,648518346489813708,1,648518346487640386,R13A10f,648518346511967856,92,395,t,L2_T1R,73960506142445890,648518346499935750,[55843 88497  2179]
13A-R-5d,femur_reductor_in_trochanter,10,648518346503212667,648518346489813708,1,648518346479366363,R13A6b,648518346503212667,92,395,t,L2_T1R,73960506142445890,648518346499935750,[55843 88497  2179]
13A-R-5e,femur_reductor_in_trochanter,4,648518346488798392,648518346489813708,1,648518346475882978,R13A6c,648518346488798392,92,395,t,L2_T1R,73960506142445890,648518346499935750,[55843 88497  2179]
13A-R-9i,femur_reductor_in_trochanter,13,648518346524266501,648518346489813708,1,648518346489624671,R13A10g,648518346524266501,92,395,t,L2_T1R,73960506142445890,648518346499935750,[55843 88497  2179]
13A-R-5b,femur_reductor_in_trochanter,14,648518346492510147,648518346489813708,1,648518346496702332,R13A6d,648518346492510147,92,395,t,L2_T1R,73960506142445890,648518346499935750,[55843 88497  2179]
13A-R-5d,femur_reductor_in_trochanter,19,648518346503212667,648518346496027594,1,648518346479366363,R13A6b,648518346503212667,93,396,t,L2_T1R,73819768922192827,648518346486619085,[52534 88655  2584]
13A-R-9i,femur_reductor_in_trochanter,19,648518346524266501,648518346496027594,1,648518346489624671,R13A10g,648518346524266501,93,396,t,L2_T1R,73819768922192827,648518346486619085,[52534 88655  2584]
13A-R-6d,femur_reductor_in_trochanter,18,648518346472000923,648518346496027594,1,648518346479398848,R13A7h_12a,648518346472000923,93,396,t,L2_T1R,73819768922192827,648518346486619085,[52534 88655  2584]
13A-R-5c,femur_reductor_in_trochanter,31,648518346515388743,648518346496027594,1,648518346496985496,R13A6f,648518346515388743,93,396,t,L2_T1R,73819768922192827,648518346486619085,[52534 88655  2584]
13A-R-6f,femur_reductor_in_trochanter,7,648518346484181533,648518346496027594,1,648518346500872348,R13A7g,648518346484181533,93,396,t,L2_T1R,73819768922192827,648518346486619085,[52534 88655  2584]
13A-R-9h,femur_reductor_in_trochanter,7,648518346501542232,648518346496027594,1,648518346501251427,R13A10e,648518346501542232,93,396,t,L2_T1R,73819768922192827,648518346486619085,[52534 88655  2584]
13A-R-5a,femur_reductor_in_trochanter,19,648518346486371464,648518346496027594,1,648518346486371464,R13A4a,648518346486371464,93,396,t,L2_T1R,73819768922192827,648518346486619085,[52534 88655  2584]
13A-R-9b,femur_reductor_in_trochanter,17,648518346511967856,648518346496027594,1,648518346487640386,R13A10f,648518346511967856,93,396,t,L2_T1R,73819768922192827,648518346486619085,[52534 88655  2584]
13A-R-9c,femur_reductor_in_trochanter,10,648518346481463909,648518346496027594,1,648518346477520398,R13A12d,648518346481463909,93,396,t,L2_T1R,73819768922192827,648518346486619085,[52534 88655  2584]
13A-R-5b,femur_reductor_in_trochanter,17,648518346492510147,648518346496027594,1,648518346496702332,R13A6d,648518346492510147,93,396,t,L2_T1R,73819768922192827,648518346486619085,[52534 88655  2584]
13A-R-9c,femur_reductor_in_trochanter,10,648518346481463909,648518346496027594,1,648518346477520398,R13A10j_12g,648518346481463909,93,396,t,L2_T1R,73819768922192827,648518346486619085,[52534 88655  2584]
13A-R-9e,femur_reductor_in_trochanter,11,648518346502495059,648518346496027594,1,648518346485791614,R13A11h_10a,648518346502495059,93,396,t,L2_T1R,73819768922192827,648518346486619085,[52534 88655  2584]
13A-R-5e,femur_reductor_in_trochanter,5,648518346488798392,648518346496027594,1,648518346475882978,R13A6c,648518346488798392,93,396,t,L2_T1R,73819768922192827,648518346486619085,[52534 88655  2584]
13A-R-6b,femur_reductor_in_trochanter,16,648518346507405599,648518346496027594,1,648518346485868484,R13A7b,648518346507405599,93,396,t,L2_T1R,73819768922192827,648518346486619085,[52534 88655  2584]
13A-R-5c,femur_reductor_in_trochanter,12,648518346515388743,648518346499760851,1,648518346496985496,R13A6f,648518346515388743,94,397,t,L2_T1R,73890137464982500,648518346499760851,[53993 89622  2196]
13A-R-5b,femur_reductor_in_trochanter,9,648518346492510147,648518346499760851,1,648518346496702332,R13A6d,648518346492510147,94,397,t,L2_T1R,73890137464982500,648518346499760851,[53993 89622  2196]
13A-R-9f,tibia_extensor_in_femur_seti,50,648518346486686340,648518346489643212,1,648518346480868573,R13A11i_10d,648518346486686340,100,403,t,L4_T1R,73819700270016761,648518346489643212,[52001 86333  2743]
13A-R-8b,tibia_extensor_in_femur_seti,22,648518346497197720,648518346489643212,1,648518346475292513,R13A8e_7c,648518346497197720,100,403,t,L4_T1R,73819700270016761,648518346489643212,[52001 86333  2743]
13A-R-9e,tibia_extensor_in_femur_seti,88,648518346502495059,648518346489643212,1,648518346485791614,R13A11h_10a,648518346502495059,100,403,t,L4_T1R,73819700270016761,648518346489643212,[52001 86333  2743]
13A-R-8d,tibia_extensor_in_femur_seti,5,648518346477160720,648518346489643212,1,648518346493704952,R13A8a,648518346477160720,100,403,t,L4_T1R,73819700270016761,648518346489643212,[52001 86333  2743]
13A-R-10d,tibia_extensor_in_femur_seti,44,648518346487938004,648518346489643212,1,648518346496642050,R13A11a,648518346487938004,100,403,t,L4_T1R,73819700270016761,648518346489643212,[52001 86333  2743]
13A-R-6b,tibia_extensor_in_femur_seti,30,648518346507405599,648518346489643212,1,648518346485868484,R13A7b,648518346507405599,100,403,t,L4_T1R,73819700270016761,648518346489643212,[52001 86333  2743]
13A-R-6f,tibia_extensor_in_femur_seti,27,648518346484181533,648518346489643212,1,648518346500872348,R13A7g,648518346484181533,100,403,t,L4_T1R,73819700270016761,648518346489643212,[52001 86333  2743]
13A-R-6e,tibia_extensor_in_femur_seti,16,648518346517211173,648518346489643212,1,648518346517211173,R13A7e,648518346517211173,100,403,t,L4_T1R,73819700270016761,648518346489643212,[52001 86333  2743]
13A-R-6d,tibia_extensor_in_femur_seti,8,648518346472000923,648518346489643212,1,648518346479398848,R13A7h_12a,648518346472000923,100,403,t,L4_T1R,73819700270016761,648518346489643212,[52001 86333  2743]
13A-R-8a,tibia_extensor_in_femur_seti,4,648518346507214367,648518346489643212,1,648518346507214367,R13A8d_7a,648518346507214367,100,403,t,L4_T1R,73819700270016761,648518346489643212,[52001 86333  2743]
13A-R-8e,tibia_extensor_in_femur_seti,6,648518346486416008,648518346489643212,1,648518346495607915,R13A8b,648518346486416008,100,403,t,L4_T1R,73819700270016761,648518346489643212,[52001 86333  2743]
13A-R-6c,tibia_extensor_in_femur_seti,19,648518346486350178,648518346489643212,1,648518346495521698,R13A7d,648518346486350178,100,403,t,L4_T1R,73819700270016761,648518346489643212,[52001 86333  2743]
13A-R-9e,tibia_extensor_in_femur_feti,187,648518346502495059,648518346489941811,1,648518346485791614,R13A11h_10a,648518346502495059,44,404,t,L4_T1R,73678893659489454,648518346477635292,[48538 84219  1962]
13A-R-6d,tibia_extensor_in_femur_feti,59,648518346472000923,648518346489941811,1,648518346479398848,R13A7h_12a,648518346472000923,44,404,t,L4_T1R,73678893659489454,648518346477635292,[48538 84219  1962]
13A-R-10d,tibia_extensor_in_femur_feti,111,648518346487938004,648518346489941811,1,648518346496642050,R13A11a,648518346487938004,44,404,t,L4_T1R,73678893659489454,648518346477635292,[48538 84219  1962]
13A-R-6b,tibia_extensor_in_femur_feti,60,648518346507405599,648518346489941811,1,648518346485868484,R13A7b,648518346507405599,44,404,t,L4_T1R,73678893659489454,648518346477635292,[48538 84219  1962]
13A-R-8a,tibia_extensor_in_femur_feti,23,648518346507214367,648518346489941811,1,648518346507214367,R13A8d_7a,648518346507214367,44,404,t,L4_T1R,73678893659489454,648518346477635292,[48538 84219  1962]
13A-R-6e,tibia_extensor_in_femur_feti,5,648518346517211173,648518346489941811,1,648518346517211173,R13A7e,648518346517211173,44,404,t,L4_T1R,73678893659489454,648518346477635292,[48538 84219  1962]
13A-R-8e,tibia_extensor_in_femur_feti,11,648518346486416008,648518346489941811,1,648518346495607915,R13A8b,648518346486416008,44,404,t,L4_T1R,73678893659489454,648518346477635292,[48538 84219  1962]
13A-R-9f,tibia_extensor_in_femur_feti,138,648518346486686340,648518346489941811,1,648518346480868573,R13A11i_10d,648518346486686340,44,404,t,L4_T1R,73678893659489454,648518346477635292,[48538 84219  1962]
13A-R-6f,tibia_extensor_in_femur_feti,24,648518346484181533,648518346489941811,1,648518346500872348,R13A7g,648518346484181533,44,404,t,L4_T1R,73678893659489454,648518346477635292,[48538 84219  1962]
13A-R-8b,tibia_extensor_in_femur_feti,39,648518346497197720,648518346489941811,1,648518346475292513,R13A8e_7c,648518346497197720,44,404,t,L4_T1R,73678893659489454,648518346477635292,[48538 84219  1962]
13A-R-6c,tibia_extensor_in_femur_feti,49,648518346486350178,648518346489941811,1,648518346495521698,R13A7d,648518346486350178,44,404,t,L4_T1R,73678893659489454,648518346477635292,[48538 84219  1962]
13A-R-9d,main_tibia_flexor_in_femur_4,64,648518346491635142,648518346494774179,1,648518346514069982,R13A_γ_6,648518346491635142,78,380,t,L1_T1R,73960506477789730,648518346503918688,[55504 89665  2706]
13A-R-δ-10e,main_tibia_flexor_in_femur_4,99,648518346490237905,648518346494774179,1,648518346489562711,R13A_δ_xp,648518346490237905,78,380,t,L1_T1R,73960506477789730,648518346503918688,[55504 89665  2706]
13A-R-10c,main_tibia_flexor_in_femur_4,64,648518346492130066,648518346494774179,1,648518346487562452,13A-uk5,648518346492130066,78,380,t,L1_T1R,73960506477789730,648518346503918688,[55504 89665  2706]
13A-R-α-10f,main_tibia_flexor_in_femur_4,34,648518346493805304,648518346494774179,1,648518346493805304,R13A-α,648518346493805304,78,380,t,L1_T1R,73960506477789730,648518346503918688,[55504 89665  2706]
13A-R-α-10f,main_tibia_flexor_in_femur_3,25,648518346493805304,648518346498417201,1,648518346493805304,R13A-α,648518346493805304,124,379,t,L1_T1R,73890068879967186,648518346498417201,[55099 86761  2472]
13A-R-9d,main_tibia_flexor_in_femur_3,38,648518346491635142,648518346498417201,1,648518346514069982,R13A_γ_6,648518346491635142,124,379,t,L1_T1R,73890068879967186,648518346498417201,[55099 86761  2472]
13A-R-δ-10e,main_tibia_flexor_in_femur_3,45,648518346490237905,648518346498417201,1,648518346489562711,R13A_δ_xp,648518346490237905,124,379,t,L1_T1R,73890068879967186,648518346498417201,[55099 86761  2472]
13A-R-10c,main_tibia_flexor_in_femur_3,46,648518346492130066,648518346498417201,1,648518346487562452,13A-uk5,648518346492130066,124,379,t,L1_T1R,73890068879967186,648518346498417201,[55099 86761  2472]
13A-R-9d,main_tibia_flexor_in_femur_2,41,648518346491635142,648518346487665131,1,648518346514069982,R13A_γ_6,648518346491635142,123,378,t,L1_T1R,73960437557109121,648518346493207872,[56202 87404  2385]
13A-R-10c,main_tibia_flexor_in_femur_2,26,648518346492130066,648518346487665131,1,648518346487562452,13A-uk5,648518346492130066,123,378,t,L1_T1R,73960437557109121,648518346493207872,[56202 87404  2385]
13A-R-δ-10e,main_tibia_flexor_in_femur_2,4,648518346490237905,648518346487665131,1,648518346489562711,R13A_δ_xp,648518346490237905,123,378,t,L1_T1R,73960437557109121,648518346493207872,[56202 87404  2385]
13A-R-α-10f,main_tibia_flexor_in_femur_2,8,648518346493805304,648518346487665131,1,648518346493805304,R13A-α,648518346493805304,123,378,t,L1_T1R,73960437557109121,648518346493207872,[56202 87404  2385]
13A-R-δ-10e,main_tibia_flexor_in_femur_0,7,648518346490237905,648518346472449995,1,648518346489562711,R13A_δ_xp,648518346490237905,30,376,t,L1_T1R,73890000227748737,648518346472449995,[54730 84777  2673]
13A-R-9d,main_tibia_flexor_in_femur_0,24,648518346491635142,648518346472449995,1,648518346514069982,R13A_γ_6,648518346491635142,30,376,t,L1_T1R,73890000227748737,648518346472449995,[54730 84777  2673]
13A-R-α-10f,main_tibia_flexor_in_femur_0,9,648518346493805304,648518346472449995,1,648518346493805304,R13A-α,648518346493805304,30,376,t,L1_T1R,73890000227748737,648518346472449995,[54730 84777  2673]
13A-R-10c,main_tibia_flexor_in_femur_0,6,648518346492130066,648518346472449995,1,648518346487562452,13A-uk5,648518346492130066,30,376,t,L1_T1R,73890000227748737,648518346472449995,[54730 84777  2673]
13A-R-9d,main_tibia_flexor_in_femur_0,52,648518346491635142,648518346494836402,1,648518346514069982,R13A_γ_6,648518346491635142,76,377,t,L1_T1R,73890000361715668,648518346494836402,[53830 85759  2840]
13A-R-10c,main_tibia_flexor_in_femur_0,15,648518346492130066,648518346494836402,1,648518346487562452,13A-uk5,648518346492130066,76,377,t,L1_T1R,73890000361715668,648518346494836402,[53830 85759  2840]
13A-R-α-10f,main_tibia_flexor_in_femur_0,9,648518346493805304,648518346494836402,1,648518346493805304,R13A-α,648518346493805304,76,377,t,L1_T1R,73890000361715668,648518346494836402,[53830 85759  2840]
13A-R-10d,auxiliary_tibia_flexor_in_femur_E,13,648518346487938004,648518346488768349,1,648518346496642050,R13A11a,648518346487938004,90,393,t,L1_T1R,73960575398314926,648518346488768349,[56856 90127  3086]
13A-R-6f,auxiliary_tibia_flexor_in_femur_E,35,648518346484181533,648518346488768349,1,648518346500872348,R13A7g,648518346484181533,90,393,t,L1_T1R,73960575398314926,648518346488768349,[56856 90127  3086]
13A-R-9e,auxiliary_tibia_flexor_in_femur_E,31,648518346502495059,648518346488768349,1,648518346485791614,R13A11h_10a,648518346502495059,90,393,t,L1_T1R,73960575398314926,648518346488768349,[56856 90127  3086]
13A-R-9d,auxiliary_tibia_flexor_in_femur_E,5,648518346491635142,648518346488768349,1,648518346514069982,R13A_γ_6,648518346491635142,90,393,t,L1_T1R,73960575398314926,648518346488768349,[56856 90127  3086]
13A-R-10a,auxiliary_tibia_flexor_in_femur_E,5,648518346488772686,648518346488768349,1,648518346521464057,R13A11b,648518346488772686,90,393,t,L1_T1R,73960575398314926,648518346488768349,[56856 90127  3086]
13A-R-10c,auxiliary_tibia_flexor_in_femur_E,11,648518346492130066,648518346488768349,1,648518346487562452,13A-uk5,648518346492130066,90,393,t,L1_T1R,73960575398314926,648518346488768349,[56856 90127  3086]
13A-R-6e,auxiliary_tibia_flexor_in_femur_E,46,648518346517211173,648518346488768349,1,648518346517211173,R13A7e,648518346517211173,90,393,t,L1_T1R,73960575398314926,648518346488768349,[56856 90127  3086]
13A-R-9d,auxiliary_tibia_flexor_in_femur_Bslow,9,648518346491635142,648518346480803805,1,648518346514069982,R13A_γ_6,648518346491635142,20,375,t,L1_T1R,73678962781859891,648518346480803805,[48049 86163  2805]
13A-R-α-10f,auxiliary_tibia_flexor_in_femur_Bslow,5,648518346493805304,648518346489629023,1,648518346493805304,R13A-α,648518346493805304,73,374,t,L1_T1R,73890068947161648,648518346489629023,[55014 88060  2655]
13A-R-9d,auxiliary_tibia_flexor_in_femur_Bslow,9,648518346491635142,648518346489629023,1,648518346514069982,R13A_γ_6,648518346491635142,73,374,t,L1_T1R,73890068947161648,648518346489629023,[55014 88060  2655]
13A-R-10b,auxiliary_tibia_flexor_in_femur_A2,4,648518346486451113,648518346465963568,1,648518346518664927,13A-uk3,648518346486451113,119,368,t,L1_T1R,74030875289214644,648518346465963568,[58252 88943  2902]
13A-R-β-10g,auxiliary_tibia_flexor_in_femur_A2,10,648518346499550555,648518346465963568,1,648518346486482097,R13A_β_5,648518346499550555,119,368,t,L1_T1R,74030875289214644,648518346465963568,[58252 88943  2902]
13A-R-9g,auxiliary_tibia_flexor_in_femur_A2,6,648518346467397383,648518346465963568,1,648518346495770187,R13A10c,648518346467397383,119,368,t,L1_T1R,74030875289214644,648518346465963568,[58252 88943  2902]
13A-R-α-10f,auxiliary_tibia_flexor_in_femur_A2,12,648518346493805304,648518346465963568,1,648518346493805304,R13A-α,648518346493805304,119,368,t,L1_T1R,74030875289214644,648518346465963568,[58252 88943  2902]
13A-R-8d,auxiliary_tibia_flexor_in_femur_A2,6,648518346477160720,648518346465963568,1,648518346493704952,R13A8a,648518346477160720,119,368,t,L1_T1R,74030875289214644,648518346465963568,[58252 88943  2902]
13A-R-9h,auxiliary_tibia_flexor_in_femur_A2,4,648518346501542232,648518346465963568,1,648518346501251427,R13A10e,648518346501542232,119,368,t,L1_T1R,74030875289214644,648518346465963568,[58252 88943  2902]
13A-R-10a,auxiliary_tibia_flexor_in_femur_A2,6,648518346488772686,648518346465963568,1,648518346521464057,R13A11b,648518346488772686,119,368,t,L1_T1R,74030875289214644,648518346465963568,[58252 88943  2902]
13A-R-9d,auxiliary_tibia_flexor_in_femur_A2,4,648518346491635142,648518346465963568,1,648518346514069982,R13A_γ_6,648518346491635142,119,368,t,L1_T1R,74030875289214644,648518346465963568,[58252 88943  2902]
13A-R-10b,auxiliary_tibia_flexor_in_femur_A2,4,648518346486451113,648518346479180177,1,648518346518664927,13A-uk3,648518346486451113,67,367,t,L1_T1R,73749262739215644,648518346479180177,[50254 84462  2603]
13A-R-α-10f,auxiliary_tibia_flexor_in_femur_A2,8,648518346493805304,648518346479180177,1,648518346493805304,R13A-α,648518346493805304,67,367,t,L1_T1R,73749262739215644,648518346479180177,[50254 84462  2603]
13A-R-α-10f,auxiliary_tibia_flexor_in_femur_A2,7,648518346493805304,648518346492305091,1,648518346493805304,R13A-α,648518346493805304,69,369,t,L1_T1R,73819631483474788,648518346492305091,[51235 85355  2615]
13A-R-6f,auxiliary_tibia_flexor_in_femur_A1,6,648518346484181533,648518346483182756,1,648518346500872348,R13A7g,648518346484181533,65,365,t,L1_T1R,73960437825499197,648518346483182756,[56585 87472  2864]
13A-R-δ-10e,ltm_medial_dendrite,11,648518346490237905,648518346459825924,1,648518346489562711,R13A_δ_xp,648518346490237905,33,383,t,L1_T1R,73819837910227031,648518346494114361,[52198 90252  3100]
13A-R-9d,ltm_medial_dendrite,18,648518346491635142,648518346459825924,1,648518346514069982,R13A_γ_6,648518346491635142,33,383,t,L1_T1R,73819837910227031,648518346494114361,[52198 90252  3100]
13A-R-δ-10e,ltm_medial_dendrite,11,648518346490237905,648518346479993829,1,648518346489562711,R13A_δ_xp,648518346490237905,81,384,t,L1_T1R,73960437691586049,648518346477866733,[56540 87205  2684]
13A-R-10b,ltm_medial_dendrite,4,648518346486451113,648518346499420391,1,648518346518664927,13A-uk3,648518346486451113,79,382,t,L1_T1R,73890137867990982,648518346499420391,[54437 89811  3016]
13A-R-β-10g,ltm_medial_dendrite,30,648518346499550555,648518346499420391,1,648518346486482097,R13A_β_5,648518346499550555,79,382,t,L1_T1R,73890137867990982,648518346499420391,[54437 89811  3016]
13A-R-β-10g,ltm_medial_dendrite,6,648518346499550555,648518346503947872,1,648518346486482097,R13A_β_5,648518346499550555,130,381,t,L1_T1R,73819769056510755,648518346503947872,[51635 88345  2844]
13A-R-9e,tarsus_unidentified_in_tibia_E,16,648518346502495059,648518346481564097,1,648518346485791614,R13A11h_10a,648518346502495059,88,391,t,L1_T1R,73960506544632062,648518346500346328,[55946 88273  2837]
13A-R-9a,tarsus_unidentified_in_tibia_E,7,648518346521654521,648518346481564097,1,648518346496575356,R13A10b,648518346521654521,88,391,t,L1_T1R,73960506544632062,648518346500346328,[55946 88273  2837]
13A-R-6f,tarsus_unidentified_in_tibia_E,4,648518346484181533,648518346481564097,1,648518346500872348,R13A7g,648518346484181533,88,391,t,L1_T1R,73960506544632062,648518346500346328,[55946 88273  2837]
13A-R-6e,tarsus_unidentified_in_tibia_E,7,648518346517211173,648518346481564097,1,648518346517211173,R13A7e,648518346517211173,88,391,t,L1_T1R,73960506544632062,648518346500346328,[55946 88273  2837]
13A-R-9a,tarsus_unidentified_in_tibia_E,7,648518346521654521,648518346481564097,1,648518346496575356,R13A10i_12b,648518346521654521,88,391,t,L1_T1R,73960506544632062,648518346500346328,[55946 88273  2837]
13A-R-9d,tarsus_depressor_in_tibia_ventralU,4,648518346491635142,648518346491698344,1,648518346514069982,R13A_γ_6,648518346491635142,86,389,t,L1_T1R,73960575063225510,648518346503918944,[56097 90227  2545]
13A-R-3b,tarsus_depressor_in_tibia_ventralU,4,648518346507220040,648518346491698344,1,648518346478623828,R13A5c,648518346507220040,86,389,t,L1_T1R,73960575063225510,648518346503918944,[56097 90227  2545]
13A-R-10c,tarsus_depressor_in_tibia_ventralU,5,648518346492130066,648518346491698344,1,648518346487562452,13A-uk5,648518346492130066,86,389,t,L1_T1R,73960575063225510,648518346503918944,[56097 90227  2545]
13A-R-9h,tarsus_depressor_in_tibia_ventralU,9,648518346501542232,648518346491698344,1,648518346501251427,R13A10e,648518346501542232,86,389,t,L1_T1R,73960575063225510,648518346503918944,[56097 90227  2545]
13A-R-9b,tarsus_depressor_in_tibia_ventralU,6,648518346511967856,648518346491698344,1,648518346487640386,R13A10f,648518346511967856,86,389,t,L1_T1R,73960575063225510,648518346503918944,[56097 90227  2545]
13A-R-δ-10e,tarsus_depressor_in_tibia_ventralU,10,648518346490237905,648518346491698344,1,648518346489562711,R13A_δ_xp,648518346490237905,86,389,t,L1_T1R,73960575063225510,648518346503918944,[56097 90227  2545]
13A-R-3j,tarsus_depressor_in_tibia_ventralU,6,648518346481824415,648518346491698344,1,648518346509725754,R13A5b,648518346481824415,86,389,t,L1_T1R,73960575063225510,648518346503918944,[56097 90227  2545]
